{
  "0": {
    "precision": 0.9523809523809523,
    "recall": 1.0,
    "f1-score": 0.975609756097561,
    "support": 80.0
  },
  "1": {
    "precision": 1.0,
    "recall": 1.0,
    "f1-score": 1.0,
    "support": 6.0
  },
  "2": {
    "precision": 1.0,
    "recall": 0.5,
    "f1-score": 0.6666666666666666,
    "support": 6.0
  },
  "3": {
    "precision": 1.0,
    "recall": 0.8333333333333334,
    "f1-score": 0.9090909090909091,
    "support": 6.0
  },
  "accuracy": 0.9591836734693877,
  "macro avg": {
    "precision": 0.9880952380952381,
    "recall": 0.8333333333333334,
    "f1-score": 0.8878418329637842,
    "support": 98.0
  },
  "weighted avg": {
    "precision": 0.9611273080660836,
    "recall": 0.9591836734693877,
    "f1-score": 0.9541155708403095,
    "support": 98.0
  }
}