file,accuracy,macro_f1,f1_valid,f1_ad,f1_irrelevant,f1_rant,support
distilbert_val.csv,1.0,1.0,1.0,1.0,1.0,1.0,98
triple_ensemble_test.csv,0.9897959183673469,0.9757199322416714,0.9937888198757764,1.0,0.9090909090909091,1.0,98
ensemble_test.csv,0.9591836734693877,0.8878418329637842,0.975609756097561,1.0,0.6666666666666666,0.9090909090909091,98
tfidf_lr_test.csv,0.9387755102040817,0.8349032493610807,0.963855421686747,0.8,0.6666666666666666,0.9090909090909091,98
rules.csv,0.9081632653061225,0.7139591178052717,0.9467455621301775,0.9090909090909091,0.5,0.5,98
