file,accuracy,macro_f1,f1_valid,f1_ad,f1_irrelevant,f1_rant,support
rules.csv,1.0,1.0,0.0,0.0,0.0,1.0,1
ensemble_test.csv,0.9591836734693877,0.8878418329637842,0.975609756097561,1.0,0.6666666666666666,0.9090909090909091,98
tfidf_lr_test.csv,0.9387755102040817,0.8349032493610807,0.963855421686747,0.8,0.6666666666666666,0.9090909090909091,98
