{
  "0": {
    "precision": 0.9302325581395349,
    "recall": 1.0,
    "f1-score": 0.963855421686747,
    "support": 80.0
  },
  "1": {
    "precision": 1.0,
    "recall": 0.6666666666666666,
    "f1-score": 0.8,
    "support": 6.0
  },
  "2": {
    "precision": 1.0,
    "recall": 0.5,
    "f1-score": 0.6666666666666666,
    "support": 6.0
  },
  "3": {
    "precision": 1.0,
    "recall": 0.8333333333333334,
    "f1-score": 0.9090909090909091,
    "support": 6.0
  },
  "accuracy": 0.9387755102040817,
  "macro avg": {
    "precision": 0.9825581395348837,
    "recall": 0.75,
    "f1-score": 0.8349032493610807,
    "support": 98.0
  },
  "weighted avg": {
    "precision": 0.9430469862363551,
    "recall": 0.9387755102040817,
    "f1-score": 0.9322752978518898,
    "support": 98.0
  }
}